{
  "best_AvgRec": 0.7827607042309023,
  "val_metrics": {
    "accuracy": 0.823,
    "precision_ai(1)": 0.8142857142857143,
    "recall_ai(1)": 0.6458923512747875,
    "f1_ai(1)": 0.7203791469194312,
    "recall_human(0)": 0.919629057187017,
    "avgrec": 0.7827607042309023
  },
  "ckpt": "data\\ckpt\\best.pt"
}