embedding,k,metric,weights,inner_cv_f1,test_acc,test_prec,test_rec,test_f1,test_auc
detective,10,cosine,uniform,0.7264827987579228,0.816,0.7607361963190185,0.7005649717514124,0.7294117647058823,0.8752995399765615
minilm,2,cosine,uniform,0.5446191377370214,0.624,0.478,0.6751412429378532,0.5597189695550351,0.6534300606951077
tfidf,2,cosine,uniform,0.5510289037258692,0.626,0.4793388429752066,0.655367231638418,0.5536992840095465,0.6508938097986742
